id,primeiroNome,sobrenome,email,profissao
30,Gabi,Jerald,Gabi.Jerald@yopmail.com,médico
31,Adelle,Chinua,Adelle.Chinua@yopmail.com,filósofo
32,Dacia,Gemini,Dacia.Gemini@yopmail.com,filósofo
33,Jaclyn,Raseda,Jaclyn.Raseda@yopmail.com,bombeiro
34,Gale,Urania,Gale.Urania@yopmail.com,médico
35,Pearline,Raul,Pearline.Raul@yopmail.com,engenheiro civil
36,Benita,Velick,Benita.Velick@yopmail.com,programador
37,Annabela,Arley,Annabela.Arley@yopmail.com,bombeiro
38,Aryn,Parette,Aryn.Parette@yopmail.com,programador
39,Renie,Han,Renie.Han@yopmail.com,filósofo
40,Lauryn,Atcliffe,Lauryn.Atcliffe@yopmail.com,médico
41,Winifred,Sacken,Winifred.Sacken@yopmail.com,médico
42,Lesly,Eachern,Lesly.Eachern@yopmail.com,policial
43,Peri,Guthrie,Peri.Guthrie@yopmail.com,engenheiro civil
44,Gilligan,Izaak,Gilligan.Izaak@yopmail.com,bombeiro
45,Leeanne,Winthorpe,Leeanne.Winthorpe@yopmail.com,bombeiro
46,Natka,Suk,Natka.Suk@yopmail.com,professor
47,Chastity,Adrienne,Chastity.Adrienne@yopmail.com,bombeiro
48,Charissa,Goode,Charissa.Goode@yopmail.com,bombeiro
49,Ileana,Gert,Ileana.Gert@yopmail.com,professor
50,Briney,Chandler,Briney.Chandler@yopmail.com,engenheiro civil
51,Ardys,Mozelle,Ardys.Mozelle@yopmail.com,médico
52,Codie,Revkah,Codie.Revkah@yopmail.com,médico
53,Karly,Vary,Karly.Vary@yopmail.com,professor
54,Fredericka,Rosette,Fredericka.Rosette@yopmail.com,engenheiro civil
55,Anestassia,Chaing,Anestassia.Chaing@yopmail.com,professor
56,Rubie,Sawtelle,Rubie.Sawtelle@yopmail.com,médico
57,Celestyna,Laurianne,Celestyna.Laurianne@yopmail.com,professor
58,Daune,Tybald,Daune.Tybald@yopmail.com,policial
59,Tiffie,Abbot,Tiffie.Abbot@yopmail.com,policial
60,Fernande,Gabrielli,Fernande.Gabrielli@yopmail.com,policial
61,Marti,Adalbert,Marti.Adalbert@yopmail.com,filósofo
62,Morganica,Teryn,Morganica.Teryn@yopmail.com,bombeiro
63,Carol-Jean,Bibi,Carol-Jean.Bibi@yopmail.com,engenheiro civil
64,Zaria,Frendel,Zaria.Frendel@yopmail.com,bombeiro
65,Ursulina,Ahab,Ursulina.Ahab@yopmail.com,engenheiro civil
66,Babita,Old,Babita.Old@yopmail.com,policial
67,Elise,Kelula,Elise.Kelula@yopmail.com,policial
68,Tonia,Tiffa,Tonia.Tiffa@yopmail.com,policial
69,Kalina,Chick,Kalina.Chick@yopmail.com,filósofo
70,Karly,Catie,Karly.Catie@yopmail.com,médico
71,Theodora,Naor,Theodora.Naor@yopmail.com,bombeiro
72,Feliza,Ramona,Feliza.Ramona@yopmail.com,programador
73,Karly,Pernick,Karly.Pernick@yopmail.com,médico
74,Lelah,Percy,Lelah.Percy@yopmail.com,professor
75,Candy,Urias,Candy.Urias@yopmail.com,professor
76,Ursulina,Mata,Ursulina.Mata@yopmail.com,policial
77,Addia,Parsaye,Addia.Parsaye@yopmail.com,engenheiro civil
78,Neila,Cutlerr,Neila.Cutlerr@yopmail.com,médico
79,Cathyleen,Marisa,Cathyleen.Marisa@yopmail.com,engenheiro civil
80,Therine,Idelia,Therine.Idelia@yopmail.com,programador
81,Gisela,Franza,Gisela.Franza@yopmail.com,policial
82,Maye,Honoria,Maye.Honoria@yopmail.com,bombeiro
83,Mellicent,Turne,Mellicent.Turne@yopmail.com,policial
84,Lelah,Longfellow,Lelah.Longfellow@yopmail.com,médico
85,Fanchon,Dominy,Fanchon.Dominy@yopmail.com,bombeiro
86,Ronna,Faria,Ronna.Faria@yopmail.com,engenheiro civil
87,Florencia,Burch,Florencia.Burch@yopmail.com,policial
88,Oona,Janith,Oona.Janith@yopmail.com,professor
89,Jasmina,Aldric,Jasmina.Aldric@yopmail.com,filósofo
90,Donnie,Frendel,Donnie.Frendel@yopmail.com,médico
91,Mary,Even,Mary.Even@yopmail.com,professor
92,Shauna,Donoghue,Shauna.Donoghue@yopmail.com,professor
93,Basia,Newell,Basia.Newell@yopmail.com,programador
94,Grier,Bury,Grier.Bury@yopmail.com,engenheiro civil
95,Margette,Beniamino,Margette.Beniamino@yopmail.com,engenheiro civil
96,Emilia,Kellby,Emilia.Kellby@yopmail.com,professor
97,Consuela,Dermott,Consuela.Dermott@yopmail.com,professor
98,Nollie,Tremayne,Nollie.Tremayne@yopmail.com,programador
99,Ivett,Bethany,Ivett.Bethany@yopmail.com,filósofo
100,Janis,Frendel,Janis.Frendel@yopmail.com,policial
101,Heddie,Bashemeth,Heddie.Bashemeth@yopmail.com,médico
102,Dominga,Sikorski,Dominga.Sikorski@yopmail.com,policial
103,Elka,Tamar,Elka.Tamar@yopmail.com,filósofo
104,Lesly,Kress,Lesly.Kress@yopmail.com,bombeiro
105,Rayna,Rese,Rayna.Rese@yopmail.com,policial
106,Inga,Jess,Inga.Jess@yopmail.com,bombeiro
107,Blake,Erskine,Blake.Erskine@yopmail.com,professor
108,Dania,Kussell,Dania.Kussell@yopmail.com,bombeiro
109,Penelopa,Lauraine,Penelopa.Lauraine@yopmail.com,médico
110,Zaria,Land,Zaria.Land@yopmail.com,filósofo
111,Coral,Santoro,Coral.Santoro@yopmail.com,policial
112,Lelah,Verger,Lelah.Verger@yopmail.com,programador
113,Stephanie,Hebner,Stephanie.Hebner@yopmail.com,policial
114,Nanete,Rooney,Nanete.Rooney@yopmail.com,engenheiro civil
115,Gusty,Raul,Gusty.Raul@yopmail.com,bombeiro
116,Sybille,Ackerley,Sybille.Ackerley@yopmail.com,médico
117,Tori,Margarete,Tori.Margarete@yopmail.com,policial
118,Kamilah,Wareing,Kamilah.Wareing@yopmail.com,programador
119,Demetris,Hubert,Demetris.Hubert@yopmail.com,policial
120,Deane,Brandice,Deane.Brandice@yopmail.com,médico
121,Jsandye,Hollingsworth,Jsandye.Hollingsworth@yopmail.com,programador
122,Kayla,Amethist,Kayla.Amethist@yopmail.com,policial
123,Orsola,Gavrila,Orsola.Gavrila@yopmail.com,médico
124,Blondelle,Freddi,Blondelle.Freddi@yopmail.com,bombeiro
125,Layla,Vins,Layla.Vins@yopmail.com,bombeiro
126,Jan,Daegal,Jan.Daegal@yopmail.com,policial
127,Leeanne,Toffic,Leeanne.Toffic@yopmail.com,policial
128,Silvana,Girardo,Silvana.Girardo@yopmail.com,engenheiro civil
129,Ethel,Simmonds,Ethel.Simmonds@yopmail.com,programador
130,Melodie,Susannah,Melodie.Susannah@yopmail.com,médico
131,Nita,Kirbee,Nita.Kirbee@yopmail.com,médico
132,Layla,Maryanne,Layla.Maryanne@yopmail.com,professor
133,Lanae,Jagir,Lanae.Jagir@yopmail.com,professor
134,Hildegaard,Gladstone,Hildegaard.Gladstone@yopmail.com,engenheiro civil
135,Phedra,Huggins,Phedra.Huggins@yopmail.com,filósofo
136,Sophia,Wesle,Sophia.Wesle@yopmail.com,filósofo
137,Kristan,Garbe,Kristan.Garbe@yopmail.com,professor
138,Sandie,Dominy,Sandie.Dominy@yopmail.com,programador
139,Deirdre,Rosalba,Deirdre.Rosalba@yopmail.com,policial
140,Winny,Rurik,Winny.Rurik@yopmail.com,policial
141,Brena,Bebe,Brena.Bebe@yopmail.com,programador
142,Shaine,Elvyn,Shaine.Elvyn@yopmail.com,filósofo
143,Marinna,Seessel,Marinna.Seessel@yopmail.com,bombeiro
144,Elora,Vins,Elora.Vins@yopmail.com,médico
145,Dominga,Gaal,Dominga.Gaal@yopmail.com,engenheiro civil
146,Tabbatha,Gemini,Tabbatha.Gemini@yopmail.com,policial
147,Amii,Pauly,Amii.Pauly@yopmail.com,filósofo
148,Alejandra,Prober,Alejandra.Prober@yopmail.com,policial
149,Celisse,Ammann,Celisse.Ammann@yopmail.com,policial
150,Marline,Eno,Marline.Eno@yopmail.com,engenheiro civil
151,Yolane,Longfellow,Yolane.Longfellow@yopmail.com,bombeiro
152,Cyndie,Parsaye,Cyndie.Parsaye@yopmail.com,médico
153,Layla,Wildermuth,Layla.Wildermuth@yopmail.com,professor
154,Randa,Koehler,Randa.Koehler@yopmail.com,professor
155,Ardys,Levey,Ardys.Levey@yopmail.com,bombeiro
156,Frances,Ethban,Frances.Ethban@yopmail.com,professor
157,Desirae,Infield,Desirae.Infield@yopmail.com,professor
158,Genovera,Telfer,Genovera.Telfer@yopmail.com,programador
159,Modestia,Faso,Modestia.Faso@yopmail.com,engenheiro civil
160,Etta,Florina,Etta.Florina@yopmail.com,professor
161,Fayre,Rebecka,Fayre.Rebecka@yopmail.com,engenheiro civil
162,Elfreda,Jacqui,Elfreda.Jacqui@yopmail.com,engenheiro civil
163,Yvonne,Minetta,Yvonne.Minetta@yopmail.com,policial
164,Maisey,Roxanna,Maisey.Roxanna@yopmail.com,professor
165,Kellen,Ahab,Kellen.Ahab@yopmail.com,professor
166,Karly,Egbert,Karly.Egbert@yopmail.com,programador
167,Andree,Lynn,Andree.Lynn@yopmail.com,programador
168,Alisha,Pyle,Alisha.Pyle@yopmail.com,policial
169,Livvyy,Goddard,Livvyy.Goddard@yopmail.com,médico
170,Harmonia,Tayib,Harmonia.Tayib@yopmail.com,programador
171,Dorene,Delp,Dorene.Delp@yopmail.com,programador
172,Marita,Gilmour,Marita.Gilmour@yopmail.com,professor
173,Lory,Kirbee,Lory.Kirbee@yopmail.com,engenheiro civil
174,Ofilia,Engdahl,Ofilia.Engdahl@yopmail.com,médico
175,Sabina,Genna,Sabina.Genna@yopmail.com,engenheiro civil
176,Petronia,Schlosser,Petronia.Schlosser@yopmail.com,filósofo
177,Ekaterina,Rubie,Ekaterina.Rubie@yopmail.com,professor
178,Leeanne,Bergman,Leeanne.Bergman@yopmail.com,programador
179,Vinita,Stav,Vinita.Stav@yopmail.com,professor
180,Estell,Wiener,Estell.Wiener@yopmail.com,filósofo
181,Lilith,Velick,Lilith.Velick@yopmail.com,filósofo
182,Almeta,Kellby,Almeta.Kellby@yopmail.com,policial
183,Isa,Fink,Isa.Fink@yopmail.com,programador
184,Nessie,Leifeste,Nessie.Leifeste@yopmail.com,engenheiro civil
185,Elise,Medrek,Elise.Medrek@yopmail.com,programador
186,Elise,Lay,Elise.Lay@yopmail.com,policial
187,Katharina,Erskine,Katharina.Erskine@yopmail.com,professor
188,Hermione,Clie,Hermione.Clie@yopmail.com,filósofo
189,Lorenza,Bonucci,Lorenza.Bonucci@yopmail.com,programador
190,Rosaline,Callista,Rosaline.Callista@yopmail.com,médico
191,Meg,Hunfredo,Meg.Hunfredo@yopmail.com,médico
192,Nonnah,Grobe,Nonnah.Grobe@yopmail.com,médico
193,Pamella,Allys,Pamella.Allys@yopmail.com,engenheiro civil
194,Marguerite,Donell,Marguerite.Donell@yopmail.com,programador
195,Gertrud,Markman,Gertrud.Markman@yopmail.com,engenheiro civil
196,Hyacinthe,Shaver,Hyacinthe.Shaver@yopmail.com,bombeiro
197,Christy,Ephrem,Christy.Ephrem@yopmail.com,engenheiro civil
198,Bill,Croix,Bill.Croix@yopmail.com,professor
199,Cherilyn,Hylan,Cherilyn.Hylan@yopmail.com,policial
200,Zondra,Truc,Zondra.Truc@yopmail.com,médico
201,Zondra,McLaughlin,Zondra.McLaughlin@yopmail.com,médico
202,Mady,Berard,Mady.Berard@yopmail.com,engenheiro civil
203,Dawn,Ball,Dawn.Ball@yopmail.com,médico
204,Brana,Christine,Brana.Christine@yopmail.com,médico
205,Wynne,Rocray,Wynne.Rocray@yopmail.com,filósofo
206,Heida,Delacourt,Heida.Delacourt@yopmail.com,bombeiro
207,Kary,Telfer,Kary.Telfer@yopmail.com,programador
208,Noelle,Judye,Noelle.Judye@yopmail.com,engenheiro civil
209,Halette,Dunkin,Halette.Dunkin@yopmail.com,policial
210,Eve,Nickola,Eve.Nickola@yopmail.com,policial
211,Verla,Faust,Verla.Faust@yopmail.com,filósofo
212,Celestyna,Newell,Celestyna.Newell@yopmail.com,médico
213,Katharina,Cookie,Katharina.Cookie@yopmail.com,programador
214,Hannis,Ciro,Hannis.Ciro@yopmail.com,policial
215,Ekaterina,Nerita,Ekaterina.Nerita@yopmail.com,policial
216,Alyssa,Odell,Alyssa.Odell@yopmail.com,engenheiro civil
217,Netty,Wildermuth,Netty.Wildermuth@yopmail.com,programador
218,Amalie,Wilona,Amalie.Wilona@yopmail.com,bombeiro
219,Emma,Muriel,Emma.Muriel@yopmail.com,professor
220,Averyl,Havens,Averyl.Havens@yopmail.com,programador
221,Kamilah,Dorine,Kamilah.Dorine@yopmail.com,policial
222,Andree,Nadia,Andree.Nadia@yopmail.com,professor
223,Dulcinea,Rocray,Dulcinea.Rocray@yopmail.com,professor
224,Bill,Persse,Bill.Persse@yopmail.com,médico
225,Max,Odysseus,Max.Odysseus@yopmail.com,bombeiro
226,Morganica,Brunell,Morganica.Brunell@yopmail.com,médico
227,Florencia,Lea,Florencia.Lea@yopmail.com,bombeiro
228,Reeba,Herrera,Reeba.Herrera@yopmail.com,bombeiro
229,Flo,Michella,Flo.Michella@yopmail.com,bombeiro
230,Ninnetta,Bonucci,Ninnetta.Bonucci@yopmail.com,professor
231,Dione,Agle,Dione.Agle@yopmail.com,engenheiro civil
232,Lauryn,Johnsson,Lauryn.Johnsson@yopmail.com,médico
233,Kenna,Pip,Kenna.Pip@yopmail.com,filósofo
234,Sonni,Iphlgenia,Sonni.Iphlgenia@yopmail.com,filósofo
235,Albertina,Gaynor,Albertina.Gaynor@yopmail.com,médico
236,Shell,Oneida,Shell.Oneida@yopmail.com,programador
237,Gabriellia,Hanshaw,Gabriellia.Hanshaw@yopmail.com,engenheiro civil
238,Christal,Auberbach,Christal.Auberbach@yopmail.com,engenheiro civil
239,Lisette,Gert,Lisette.Gert@yopmail.com,bombeiro
240,Xylina,Suk,Xylina.Suk@yopmail.com,bombeiro
241,Sybille,Cath,Sybille.Cath@yopmail.com,policial
242,Rosabelle,Raseda,Rosabelle.Raseda@yopmail.com,bombeiro
243,Eolanda,Raffo,Eolanda.Raffo@yopmail.com,policial
244,Alyssa,Sekofski,Alyssa.Sekofski@yopmail.com,programador
245,Lorie,Syd,Lorie.Syd@yopmail.com,programador
246,Rozele,Caitlin,Rozele.Caitlin@yopmail.com,policial
247,Addia,Hieronymus,Addia.Hieronymus@yopmail.com,médico
248,Betta,Hilbert,Betta.Hilbert@yopmail.com,filósofo
249,Jan,Maroney,Jan.Maroney@yopmail.com,policial
250,Caryl,Angelis,Caryl.Angelis@yopmail.com,bombeiro
251,Sarette,August,Sarette.August@yopmail.com,engenheiro civil
252,Veda,Clara,Veda.Clara@yopmail.com,médico
253,Adelle,Daniele,Adelle.Daniele@yopmail.com,engenheiro civil
254,Margette,Colleen,Margette.Colleen@yopmail.com,médico
255,Orelia,Talia,Orelia.Talia@yopmail.com,policial
256,Georgetta,Howlyn,Georgetta.Howlyn@yopmail.com,filósofo
257,Allyce,Hashim,Allyce.Hashim@yopmail.com,programador
258,Livvyy,Kesley,Livvyy.Kesley@yopmail.com,engenheiro civil
259,Felice,Ezar,Felice.Ezar@yopmail.com,filósofo
260,Ivett,Orlene,Ivett.Orlene@yopmail.com,bombeiro
261,Julieta,Llovera,Julieta.Llovera@yopmail.com,engenheiro civil
262,Teriann,Ardra,Teriann.Ardra@yopmail.com,professor
263,Taffy,Kamaria,Taffy.Kamaria@yopmail.com,filósofo
264,Nannie,Lenny,Nannie.Lenny@yopmail.com,bombeiro
265,Kaja,Ellerey,Kaja.Ellerey@yopmail.com,médico
266,Lucille,Kiersten,Lucille.Kiersten@yopmail.com,médico
267,Lyssa,Sacken,Lyssa.Sacken@yopmail.com,bombeiro
268,Ketti,Liebermann,Ketti.Liebermann@yopmail.com,bombeiro
269,Arlina,Orelee,Arlina.Orelee@yopmail.com,filósofo
270,Maridel,Heisel,Maridel.Heisel@yopmail.com,médico
271,Flo,Cosenza,Flo.Cosenza@yopmail.com,programador
272,Gwyneth,Shama,Gwyneth.Shama@yopmail.com,bombeiro
273,Fidelia,Ashok,Fidelia.Ashok@yopmail.com,bombeiro
274,Wilma,Erich,Wilma.Erich@yopmail.com,professor
275,Winny,Bartlett,Winny.Bartlett@yopmail.com,professor
276,Berget,Septima,Berget.Septima@yopmail.com,professor
277,Kalina,Anton,Kalina.Anton@yopmail.com,filósofo
278,Carilyn,Martguerita,Carilyn.Martguerita@yopmail.com,engenheiro civil
279,Hope,Ledah,Hope.Ledah@yopmail.com,filósofo
280,Starla,Quent,Starla.Quent@yopmail.com,professor
281,Rani,Peonir,Rani.Peonir@yopmail.com,médico
282,Dode,Kiyoshi,Dode.Kiyoshi@yopmail.com,policial
283,Janenna,Orelee,Janenna.Orelee@yopmail.com,engenheiro civil
284,Di,Reidar,Di.Reidar@yopmail.com,filósofo
285,Perry,Carmena,Perry.Carmena@yopmail.com,médico
286,Dotty,Henrie,Dotty.Henrie@yopmail.com,médico
287,Melina,Radu,Melina.Radu@yopmail.com,policial
288,Gerrie,Ries,Gerrie.Ries@yopmail.com,filósofo
289,Marleah,Baptlsta,Marleah.Baptlsta@yopmail.com,engenheiro civil
290,Jsandye,Robertson,Jsandye.Robertson@yopmail.com,médico
291,Marguerite,Alwin,Marguerite.Alwin@yopmail.com,policial
292,Paulita,Mendez,Paulita.Mendez@yopmail.com,filósofo
293,Adore,Kosey,Adore.Kosey@yopmail.com,engenheiro civil
294,Raquela,Agle,Raquela.Agle@yopmail.com,filósofo
295,Marcy,Michella,Marcy.Michella@yopmail.com,filósofo
296,Dorene,Rosette,Dorene.Rosette@yopmail.com,filósofo
297,Sidoney,Helve,Sidoney.Helve@yopmail.com,policial
298,Ileana,Henebry,Ileana.Henebry@yopmail.com,filósofo
299,Darlleen,Bobbee,Darlleen.Bobbee@yopmail.com,programador
300,Mildrid,Himelman,Mildrid.Himelman@yopmail.com,filósofo
301,Gertrud,Dahlia,Gertrud.Dahlia@yopmail.com,programador
302,Angelique,Aloise,Angelique.Aloise@yopmail.com,filósofo
303,Elyssa,Norvol,Elyssa.Norvol@yopmail.com,policial
304,Sallie,Lucienne,Sallie.Lucienne@yopmail.com,bombeiro
305,Frank,Stanwood,Frank.Stanwood@yopmail.com,policial
306,Ebonee,Cherianne,Ebonee.Cherianne@yopmail.com,bombeiro
307,Tracey,Soneson,Tracey.Soneson@yopmail.com,programador
308,Deirdre,Jerold,Deirdre.Jerold@yopmail.com,programador
309,Rosaline,Whittaker,Rosaline.Whittaker@yopmail.com,professor
310,Desirae,Merna,Desirae.Merna@yopmail.com,programador
311,Pollyanna,Milde,Pollyanna.Milde@yopmail.com,filósofo
312,Beverley,Socha,Beverley.Socha@yopmail.com,médico
313,Eolanda,Lissi,Eolanda.Lissi@yopmail.com,policial
314,Elyssa,Wiener,Elyssa.Wiener@yopmail.com,bombeiro
315,Clementine,Mintz,Clementine.Mintz@yopmail.com,policial
316,Jessy,Harl,Jessy.Harl@yopmail.com,médico
317,Myriam,Hamil,Myriam.Hamil@yopmail.com,médico
318,Deane,Viddah,Deane.Viddah@yopmail.com,policial
319,Veda,Erich,Veda.Erich@yopmail.com,policial
320,Shauna,Niles,Shauna.Niles@yopmail.com,programador
321,Harmonia,Kat,Harmonia.Kat@yopmail.com,policial
322,Charissa,Cherianne,Charissa.Cherianne@yopmail.com,programador
323,Mildrid,Travax,Mildrid.Travax@yopmail.com,professor
324,Camile,Olin,Camile.Olin@yopmail.com,médico
325,Jacenta,Vittoria,Jacenta.Vittoria@yopmail.com,engenheiro civil
326,Tatiania,Berl,Tatiania.Berl@yopmail.com,professor
327,Bettine,Natica,Bettine.Natica@yopmail.com,programador
328,Jorry,Narton,Jorry.Narton@yopmail.com,programador
329,Cam,Uund,Cam.Uund@yopmail.com,programador
330,Gratia,Bergman,Gratia.Bergman@yopmail.com,professor
331,Gabi,Xerxes,Gabi.Xerxes@yopmail.com,professor
332,Cyb,Jess,Cyb.Jess@yopmail.com,policial
333,Veda,Nedrud,Veda.Nedrud@yopmail.com,policial
334,Fawne,Timon,Fawne.Timon@yopmail.com,médico
335,Ginnie,Carlson,Ginnie.Carlson@yopmail.com,professor
336,Hope,Sophronia,Hope.Sophronia@yopmail.com,professor
337,Nyssa,Forrer,Nyssa.Forrer@yopmail.com,policial
338,Valera,Amasa,Valera.Amasa@yopmail.com,professor
339,Leona,Schwejda,Leona.Schwejda@yopmail.com,médico
340,Atlanta,Oscar,Atlanta.Oscar@yopmail.com,programador
341,Gwyneth,Zuzana,Gwyneth.Zuzana@yopmail.com,filósofo
342,Sharai,Bashemeth,Sharai.Bashemeth@yopmail.com,policial
343,Kayla,Maryanne,Kayla.Maryanne@yopmail.com,professor
344,Annecorinne,Bashemeth,Annecorinne.Bashemeth@yopmail.com,policial
345,Kaia,Tacye,Kaia.Tacye@yopmail.com,professor
346,Darci,Stuart,Darci.Stuart@yopmail.com,programador
347,Therine,Bartlett,Therine.Bartlett@yopmail.com,engenheiro civil
348,Ira,Danby,Ira.Danby@yopmail.com,médico
349,Sindee,Natica,Sindee.Natica@yopmail.com,bombeiro
350,Yetty,Mintz,Yetty.Mintz@yopmail.com,filósofo
351,Christy,Thar,Christy.Thar@yopmail.com,filósofo
352,Gusty,Anestassia,Gusty.Anestassia@yopmail.com,médico
353,Evaleen,Lauraine,Evaleen.Lauraine@yopmail.com,programador
354,Kore,Silvan,Kore.Silvan@yopmail.com,programador
355,Esmeralda,Bennie,Esmeralda.Bennie@yopmail.com,filósofo
356,Aigneis,Karna,Aigneis.Karna@yopmail.com,médico
357,Briney,Annabella,Briney.Annabella@yopmail.com,policial
358,Lauryn,Greyson,Lauryn.Greyson@yopmail.com,filósofo
359,Tobe,Wind,Tobe.Wind@yopmail.com,médico
360,Jacenta,Kaete,Jacenta.Kaete@yopmail.com,filósofo
361,Wilma,Toffic,Wilma.Toffic@yopmail.com,programador
362,Gianina,Maryanne,Gianina.Maryanne@yopmail.com,programador
363,Clary,Whittaker,Clary.Whittaker@yopmail.com,médico
364,Chrystel,Keelia,Chrystel.Keelia@yopmail.com,programador
365,Joane,Eno,Joane.Eno@yopmail.com,engenheiro civil
366,Basia,Alisia,Basia.Alisia@yopmail.com,filósofo
367,Clementine,Laurianne,Clementine.Laurianne@yopmail.com,professor
368,Cassandra,Stuart,Cassandra.Stuart@yopmail.com,engenheiro civil
369,Rani,Drisko,Rani.Drisko@yopmail.com,médico
370,Ezmeralda,Valerio,Ezmeralda.Valerio@yopmail.com,médico
371,Joeann,Eiser,Joeann.Eiser@yopmail.com,engenheiro civil
372,Laure,Felecia,Laure.Felecia@yopmail.com,policial
373,Lexine,Timon,Lexine.Timon@yopmail.com,médico
374,Dyann,Delp,Dyann.Delp@yopmail.com,professor
375,Karolina,Macey,Karolina.Macey@yopmail.com,bombeiro
376,Queenie,Gerge,Queenie.Gerge@yopmail.com,engenheiro civil
377,Trudie,Carleen,Trudie.Carleen@yopmail.com,engenheiro civil
378,Kerrin,Rad,Kerrin.Rad@yopmail.com,bombeiro
379,Elena,O'Carroll,Elena.O'Carroll@yopmail.com,engenheiro civil
380,Vita,Cavan,Vita.Cavan@yopmail.com,professor
381,Jorry,Jotham,Jorry.Jotham@yopmail.com,programador
382,Mureil,Felizio,Mureil.Felizio@yopmail.com,médico
383,Deloria,Warthman,Deloria.Warthman@yopmail.com,médico
384,Joleen,Kelula,Joleen.Kelula@yopmail.com,professor
385,Tera,Silvan,Tera.Silvan@yopmail.com,bombeiro
386,Ottilie,Cecile,Ottilie.Cecile@yopmail.com,médico
387,Selma,Nore,Selma.Nore@yopmail.com,professor
388,Roz,Morgun,Roz.Morgun@yopmail.com,filósofo
389,Tiffie,Astra,Tiffie.Astra@yopmail.com,programador
390,Bobinette,Paine,Bobinette.Paine@yopmail.com,bombeiro
391,Viki,Johnsson,Viki.Johnsson@yopmail.com,bombeiro
392,Queenie,Adore,Queenie.Adore@yopmail.com,filósofo
393,Almeta,Greenwald,Almeta.Greenwald@yopmail.com,filósofo
394,Liana,Grobe,Liana.Grobe@yopmail.com,engenheiro civil
395,Agnese,Phaidra,Agnese.Phaidra@yopmail.com,bombeiro
396,Cathyleen,Payson,Cathyleen.Payson@yopmail.com,policial
397,Amalie,Loleta,Amalie.Loleta@yopmail.com,professor
398,Evita,Han,Evita.Han@yopmail.com,bombeiro
399,Lexine,Zina,Lexine.Zina@yopmail.com,médico
400,Fina,Kirstin,Fina.Kirstin@yopmail.com,professor
401,Lindie,Wolfgram,Lindie.Wolfgram@yopmail.com,engenheiro civil
402,Vevay,Connelly,Vevay.Connelly@yopmail.com,filósofo
403,Carilyn,Xerxes,Carilyn.Xerxes@yopmail.com,médico
404,Margarette,Sothena,Margarette.Sothena@yopmail.com,bombeiro
405,Norine,Medrek,Norine.Medrek@yopmail.com,bombeiro
406,Kerrin,Rustice,Kerrin.Rustice@yopmail.com,filósofo
407,Kary,Medrek,Kary.Medrek@yopmail.com,bombeiro
408,Gabriellia,Gavrila,Gabriellia.Gavrila@yopmail.com,bombeiro
409,Sashenka,Gino,Sashenka.Gino@yopmail.com,programador
410,Sam,Chobot,Sam.Chobot@yopmail.com,médico
411,Berta,Plato,Berta.Plato@yopmail.com,professor
412,Netty,Virgin,Netty.Virgin@yopmail.com,bombeiro
413,Elise,Leifeste,Elise.Leifeste@yopmail.com,policial
414,Noelle,Fadiman,Noelle.Fadiman@yopmail.com,professor
415,Brooks,Flita,Brooks.Flita@yopmail.com,engenheiro civil
416,Claresta,Ashok,Claresta.Ashok@yopmail.com,filósofo
417,Hyacinthe,Tufts,Hyacinthe.Tufts@yopmail.com,programador
418,Orelia,Lunsford,Orelia.Lunsford@yopmail.com,bombeiro
419,Trudie,Durante,Trudie.Durante@yopmail.com,bombeiro
420,Silvana,Cordi,Silvana.Cordi@yopmail.com,médico
421,Adele,Helve,Adele.Helve@yopmail.com,filósofo
422,Codie,Center,Codie.Center@yopmail.com,professor
423,Nananne,August,Nananne.August@yopmail.com,policial
424,Teriann,Glovsky,Teriann.Glovsky@yopmail.com,filósofo
425,Quintina,Dituri,Quintina.Dituri@yopmail.com,filósofo
426,Kristan,Poll,Kristan.Poll@yopmail.com,filósofo
427,Fred,Horan,Fred.Horan@yopmail.com,engenheiro civil
428,Karlee,Justinn,Karlee.Justinn@yopmail.com,policial
429,Raina,Monaco,Raina.Monaco@yopmail.com,médico
430,Ronna,Allare,Ronna.Allare@yopmail.com,programador
431,Babita,Rosemary,Babita.Rosemary@yopmail.com,professor
432,Blake,Ingra,Blake.Ingra@yopmail.com,engenheiro civil
433,Theodora,Jobi,Theodora.Jobi@yopmail.com,bombeiro
434,Karolina,Brunell,Karolina.Brunell@yopmail.com,bombeiro
435,Carol-Jean,Capello,Carol-Jean.Capello@yopmail.com,engenheiro civil
436,Chandra,Viddah,Chandra.Viddah@yopmail.com,professor
437,Ginnie,Mata,Ginnie.Mata@yopmail.com,bombeiro
438,Frank,Hubert,Frank.Hubert@yopmail.com,bombeiro
439,Andree,Romelda,Andree.Romelda@yopmail.com,professor
440,Bernie,Remmer,Bernie.Remmer@yopmail.com,médico
441,Alia,My,Alia.My@yopmail.com,filósofo
442,Belinda,Sheng,Belinda.Sheng@yopmail.com,médico
443,Willetta,Christal,Willetta.Christal@yopmail.com,bombeiro
444,Charissa,Prober,Charissa.Prober@yopmail.com,engenheiro civil
445,Mallory,LaRue,Mallory.LaRue@yopmail.com,filósofo
446,Lelah,Sigfrid,Lelah.Sigfrid@yopmail.com,professor
447,Constance,Constancy,Constance.Constancy@yopmail.com,médico
448,Gusella,Janene,Gusella.Janene@yopmail.com,programador
449,Demetris,Maryanne,Demetris.Maryanne@yopmail.com,filósofo
450,Lisette,Carvey,Lisette.Carvey@yopmail.com,professor
451,Wilma,Swigart,Wilma.Swigart@yopmail.com,filósofo
452,Margarette,Schroth,Margarette.Schroth@yopmail.com,filósofo
453,Alejandra,Gwenore,Alejandra.Gwenore@yopmail.com,médico
454,Ginnie,Wittie,Ginnie.Wittie@yopmail.com,programador
455,Kore,Vivle,Kore.Vivle@yopmail.com,programador
456,Frances,Cosenza,Frances.Cosenza@yopmail.com,policial
457,Tatiania,Izaak,Tatiania.Izaak@yopmail.com,professor
458,Agathe,Heidt,Agathe.Heidt@yopmail.com,engenheiro civil
459,Yolane,Moseley,Yolane.Moseley@yopmail.com,bombeiro
460,Iseabal,Cleavland,Iseabal.Cleavland@yopmail.com,médico
461,Andree,Celestine,Andree.Celestine@yopmail.com,professor
462,Darlleen,Fax,Darlleen.Fax@yopmail.com,programador
463,Lolita,Meli,Lolita.Meli@yopmail.com,policial
464,Wendi,Carbo,Wendi.Carbo@yopmail.com,bombeiro
465,Regina,Chaing,Regina.Chaing@yopmail.com,policial
466,Lyssa,Scammon,Lyssa.Scammon@yopmail.com,bombeiro
467,Korrie,Luhe,Korrie.Luhe@yopmail.com,bombeiro
468,Peri,Euridice,Peri.Euridice@yopmail.com,professor
469,Barbi,Miru,Barbi.Miru@yopmail.com,filósofo
470,Jere,Rolf,Jere.Rolf@yopmail.com,engenheiro civil
471,Justinn,Bonucci,Justinn.Bonucci@yopmail.com,professor
472,Marnia,Fink,Marnia.Fink@yopmail.com,professor
473,Blinni,Maxi,Blinni.Maxi@yopmail.com,filósofo
474,Gloria,Rocray,Gloria.Rocray@yopmail.com,médico
475,Thalia,Smitt,Thalia.Smitt@yopmail.com,policial
476,Ekaterina,Raul,Ekaterina.Raul@yopmail.com,programador
477,Jan,Nester,Jan.Nester@yopmail.com,professor
478,Krystle,Burnside,Krystle.Burnside@yopmail.com,filósofo
479,Edith,Doig,Edith.Doig@yopmail.com,bombeiro
480,Fina,Magdalen,Fina.Magdalen@yopmail.com,filósofo
481,Daryl,Helfand,Daryl.Helfand@yopmail.com,policial
482,Ricky,Angelis,Ricky.Angelis@yopmail.com,bombeiro
483,Sissy,Byrne,Sissy.Byrne@yopmail.com,policial
484,Shannah,Tayib,Shannah.Tayib@yopmail.com,filósofo
485,Belinda,Yate,Belinda.Yate@yopmail.com,engenheiro civil
486,Kristina,Uird,Kristina.Uird@yopmail.com,professor
487,Maurene,Shanley,Maurene.Shanley@yopmail.com,filósofo
488,Maud,Zenas,Maud.Zenas@yopmail.com,policial
489,Nicoli,Graig,Nicoli.Graig@yopmail.com,bombeiro
490,Celestyna,Kare,Celestyna.Kare@yopmail.com,programador
491,Rhoda,Lanita,Rhoda.Lanita@yopmail.com,programador
492,Lynea,Diogenes,Lynea.Diogenes@yopmail.com,professor
493,Alejandra,Jethro,Alejandra.Jethro@yopmail.com,bombeiro
494,Myriam,Audly,Myriam.Audly@yopmail.com,bombeiro
495,Shaylyn,Fillbert,Shaylyn.Fillbert@yopmail.com,programador
496,Imojean,Kannry,Imojean.Kannry@yopmail.com,engenheiro civil
497,Ethel,Tound,Ethel.Tound@yopmail.com,programador
498,Margarette,Raychel,Margarette.Raychel@yopmail.com,filósofo
499,Inga,Jena,Inga.Jena@yopmail.com,bombeiro
500,Hyacinthe,Olnee,Hyacinthe.Olnee@yopmail.com,programador
501,Gertrud,Candy,Gertrud.Candy@yopmail.com,filósofo
502,Lindie,Bandeen,Lindie.Bandeen@yopmail.com,professor
503,Nessie,Maroney,Nessie.Maroney@yopmail.com,médico
504,Cassondra,Pillsbury,Cassondra.Pillsbury@yopmail.com,professor
505,Carmela,Eliathas,Carmela.Eliathas@yopmail.com,médico
506,Bill,Kiersten,Bill.Kiersten@yopmail.com,programador
507,Chloris,Schenck,Chloris.Schenck@yopmail.com,professor
508,Hope,Camden,Hope.Camden@yopmail.com,médico
509,Brena,Birdella,Brena.Birdella@yopmail.com,engenheiro civil
510,Addia,Dawkins,Addia.Dawkins@yopmail.com,professor
511,Marnia,Matthew,Marnia.Matthew@yopmail.com,engenheiro civil
512,Luci,Himelman,Luci.Himelman@yopmail.com,programador
513,Andeee,Harned,Andeee.Harned@yopmail.com,médico
514,Inga,Lorain,Inga.Lorain@yopmail.com,professor
515,Tilly,Deegan,Tilly.Deegan@yopmail.com,policial
516,Flory,Arquit,Flory.Arquit@yopmail.com,bombeiro
517,Hyacinthe,Loring,Hyacinthe.Loring@yopmail.com,policial
518,Eolanda,Bronk,Eolanda.Bronk@yopmail.com,médico
519,Ebonee,Delila,Ebonee.Delila@yopmail.com,professor
520,Doralynne,Hilbert,Doralynne.Hilbert@yopmail.com,engenheiro civil
521,Agathe,Bertold,Agathe.Bertold@yopmail.com,engenheiro civil
522,Chickie,Lamoree,Chickie.Lamoree@yopmail.com,professor
523,Maud,Rona,Maud.Rona@yopmail.com,bombeiro
524,Rani,Weitman,Rani.Weitman@yopmail.com,médico
525,Carilyn,LaRue,Carilyn.LaRue@yopmail.com,policial
526,Siana,Laverne,Siana.Laverne@yopmail.com,programador
527,Clary,Redmond,Clary.Redmond@yopmail.com,bombeiro
528,Tera,Klotz,Tera.Klotz@yopmail.com,policial
529,Deirdre,Dom,Deirdre.Dom@yopmail.com,filósofo
530,Sashenka,Geffner,Sashenka.Geffner@yopmail.com,engenheiro civil
531,Tybie,Gerge,Tybie.Gerge@yopmail.com,engenheiro civil
532,Arlena,Rogerio,Arlena.Rogerio@yopmail.com,policial
533,Lindie,Lorain,Lindie.Lorain@yopmail.com,filósofo
534,Trudie,Carolin,Trudie.Carolin@yopmail.com,professor
535,Cherilyn,My,Cherilyn.My@yopmail.com,bombeiro
536,Jinny,Buttaro,Jinny.Buttaro@yopmail.com,policial
537,Raina,Rogerio,Raina.Rogerio@yopmail.com,bombeiro
538,Viviene,Fiester,Viviene.Fiester@yopmail.com,policial
539,Minda,Dosia,Minda.Dosia@yopmail.com,bombeiro
540,Selia,Wilkinson,Selia.Wilkinson@yopmail.com,médico
541,Karina,Shields,Karina.Shields@yopmail.com,programador
542,Rebeca,Goth,Rebeca.Goth@yopmail.com,programador
543,Sindee,Carri,Sindee.Carri@yopmail.com,policial
544,Damaris,Leonard,Damaris.Leonard@yopmail.com,bombeiro
545,Emylee,Gaynor,Emylee.Gaynor@yopmail.com,programador
546,Shirlee,Natica,Shirlee.Natica@yopmail.com,bombeiro
547,Viviene,Macey,Viviene.Macey@yopmail.com,policial
548,Agathe,Winthorpe,Agathe.Winthorpe@yopmail.com,bombeiro
549,Fayre,Drus,Fayre.Drus@yopmail.com,engenheiro civil
550,Starla,Johanna,Starla.Johanna@yopmail.com,médico
551,Gertrud,Urias,Gertrud.Urias@yopmail.com,médico
552,Corry,Montgomery,Corry.Montgomery@yopmail.com,filósofo
553,Maud,Aprile,Maud.Aprile@yopmail.com,policial
554,Brietta,Freddi,Brietta.Freddi@yopmail.com,filósofo
555,Averyl,Pozzy,Averyl.Pozzy@yopmail.com,filósofo
556,Desirae,Madaih,Desirae.Madaih@yopmail.com,programador
557,Gratia,Redmond,Gratia.Redmond@yopmail.com,filósofo
558,Jackie,Alexandr,Jackie.Alexandr@yopmail.com,bombeiro
559,Jenilee,Colp,Jenilee.Colp@yopmail.com,programador
560,Anallese,Ehrman,Anallese.Ehrman@yopmail.com,bombeiro
561,Paola,Shaddock,Paola.Shaddock@yopmail.com,professor
562,Misha,Kaete,Misha.Kaete@yopmail.com,programador
563,Betta,Jehu,Betta.Jehu@yopmail.com,médico
564,Pierette,Romelda,Pierette.Romelda@yopmail.com,programador
565,Melanie,Emanuel,Melanie.Emanuel@yopmail.com,professor
566,Vita,Malvino,Vita.Malvino@yopmail.com,filósofo
567,Amii,Trace,Amii.Trace@yopmail.com,bombeiro
568,Shaine,Constancy,Shaine.Constancy@yopmail.com,professor
569,Rubie,Liebermann,Rubie.Liebermann@yopmail.com,programador
570,Farrah,Horan,Farrah.Horan@yopmail.com,engenheiro civil
571,Lorne,Borrell,Lorne.Borrell@yopmail.com,bombeiro
572,Lauryn,Lasley,Lauryn.Lasley@yopmail.com,policial
573,Caressa,Sigfrid,Caressa.Sigfrid@yopmail.com,bombeiro
574,Tybie,Vernier,Tybie.Vernier@yopmail.com,bombeiro
575,Annabela,Vernier,Annabela.Vernier@yopmail.com,engenheiro civil
576,Wendi,Manolo,Wendi.Manolo@yopmail.com,filósofo
577,Nita,Ariella,Nita.Ariella@yopmail.com,professor
578,Jaime,Malanie,Jaime.Malanie@yopmail.com,bombeiro
579,Livvyy,Merell,Livvyy.Merell@yopmail.com,programador
580,Netty,Deegan,Netty.Deegan@yopmail.com,médico
581,Orelia,Gert,Orelia.Gert@yopmail.com,engenheiro civil
582,Mariann,McCutcheon,Mariann.McCutcheon@yopmail.com,médico
583,Penelopa,Gherardo,Penelopa.Gherardo@yopmail.com,médico
584,Ileana,Trey,Ileana.Trey@yopmail.com,policial
585,Christal,Shanley,Christal.Shanley@yopmail.com,filósofo
586,Sherrie,Wadell,Sherrie.Wadell@yopmail.com,médico
587,Berget,Yusuk,Berget.Yusuk@yopmail.com,programador
588,Janey,Gunn,Janey.Gunn@yopmail.com,programador
589,Lita,Dituri,Lita.Dituri@yopmail.com,policial
590,Deloria,Cecile,Deloria.Cecile@yopmail.com,engenheiro civil
591,Glynnis,Carlson,Glynnis.Carlson@yopmail.com,programador
592,Bibby,Felecia,Bibby.Felecia@yopmail.com,professor
593,Miquela,Vittoria,Miquela.Vittoria@yopmail.com,filósofo
594,Fredericka,Thad,Fredericka.Thad@yopmail.com,professor
595,Joane,Margret,Joane.Margret@yopmail.com,filósofo
596,Orsola,Gilmour,Orsola.Gilmour@yopmail.com,engenheiro civil
597,Lanna,Damarra,Lanna.Damarra@yopmail.com,filósofo
598,Janeczka,Edison,Janeczka.Edison@yopmail.com,bombeiro
599,Hildegaard,Holbrook,Hildegaard.Holbrook@yopmail.com,policial
600,Minne,Deegan,Minne.Deegan@yopmail.com,engenheiro civil
601,Charmaine,Dosia,Charmaine.Dosia@yopmail.com,médico
602,Lexine,Posner,Lexine.Posner@yopmail.com,programador
603,Eadie,Papageno,Eadie.Papageno@yopmail.com,professor
604,Deedee,Syd,Deedee.Syd@yopmail.com,policial
605,Viki,Markman,Viki.Markman@yopmail.com,engenheiro civil
606,Kathy,Roscoe,Kathy.Roscoe@yopmail.com,bombeiro
607,Wileen,Weide,Wileen.Weide@yopmail.com,filósofo
608,Viviene,Ogren,Viviene.Ogren@yopmail.com,professor
609,Adriana,Millda,Adriana.Millda@yopmail.com,filósofo
610,Tori,Selway,Tori.Selway@yopmail.com,médico
611,Perry,Justinn,Perry.Justinn@yopmail.com,professor
612,Genovera,Reidar,Genovera.Reidar@yopmail.com,professor
613,Jacenta,Anderea,Jacenta.Anderea@yopmail.com,policial
614,Alex,Marsden,Alex.Marsden@yopmail.com,filósofo
615,Brynna,Pettiford,Brynna.Pettiford@yopmail.com,médico
616,Lorne,Nedrud,Lorne.Nedrud@yopmail.com,engenheiro civil
617,Rochette,Faria,Rochette.Faria@yopmail.com,médico
618,Roz,Adrienne,Roz.Adrienne@yopmail.com,policial
619,Zsa Zsa,Killigrew,Zsa Zsa.Killigrew@yopmail.com,médico
620,Lory,Peti,Lory.Peti@yopmail.com,bombeiro
621,Sidoney,Bultman,Sidoney.Bultman@yopmail.com,médico
622,Ellette,Waite,Ellette.Waite@yopmail.com,bombeiro
623,Odessa,Cullin,Odessa.Cullin@yopmail.com,bombeiro
624,Winifred,Vernier,Winifred.Vernier@yopmail.com,bombeiro
625,Mildrid,Corabella,Mildrid.Corabella@yopmail.com,programador
626,Selia,Sherrie,Selia.Sherrie@yopmail.com,programador
627,Catrina,Abram,Catrina.Abram@yopmail.com,professor
628,Aili,Anis,Aili.Anis@yopmail.com,bombeiro
629,Stevana,Morrill,Stevana.Morrill@yopmail.com,policial
630,Aryn,Freddi,Aryn.Freddi@yopmail.com,médico
631,Dorothy,Robertson,Dorothy.Robertson@yopmail.com,filósofo
632,Heddie,Alabaster,Heddie.Alabaster@yopmail.com,bombeiro
633,Donnie,Maroney,Donnie.Maroney@yopmail.com,médico
634,Alisha,Jotham,Alisha.Jotham@yopmail.com,engenheiro civil
635,Ursulina,Ortrude,Ursulina.Ortrude@yopmail.com,professor
636,Mireielle,Schroth,Mireielle.Schroth@yopmail.com,professor
637,Penelopa,Valoniah,Penelopa.Valoniah@yopmail.com,bombeiro
638,Dianemarie,Maribeth,Dianemarie.Maribeth@yopmail.com,bombeiro
639,Hermione,Terrence,Hermione.Terrence@yopmail.com,filósofo
640,Tilly,Richers,Tilly.Richers@yopmail.com,filósofo
641,Stacey,Codding,Stacey.Codding@yopmail.com,professor
642,Odessa,Teddman,Odessa.Teddman@yopmail.com,filósofo
643,Rori,Seessel,Rori.Seessel@yopmail.com,médico
644,Cristabel,Millda,Cristabel.Millda@yopmail.com,policial
645,Dorothy,Strephon,Dorothy.Strephon@yopmail.com,programador
646,Consuela,Dahlia,Consuela.Dahlia@yopmail.com,programador
647,Verla,Evvie,Verla.Evvie@yopmail.com,policial
648,Grier,Capello,Grier.Capello@yopmail.com,bombeiro
649,Daphne,Ciapas,Daphne.Ciapas@yopmail.com,bombeiro
650,Philis,Urias,Philis.Urias@yopmail.com,médico
651,Christal,Pacorro,Christal.Pacorro@yopmail.com,policial
652,Dennie,Uird,Dennie.Uird@yopmail.com,programador
653,Orsola,Buttaro,Orsola.Buttaro@yopmail.com,médico
654,Feliza,Pacorro,Feliza.Pacorro@yopmail.com,policial
655,Janis,Whiffen,Janis.Whiffen@yopmail.com,bombeiro
656,Corly,Ephrem,Corly.Ephrem@yopmail.com,bombeiro
657,Shell,Hourigan,Shell.Hourigan@yopmail.com,policial
658,Madalyn,Gavrila,Madalyn.Gavrila@yopmail.com,filósofo
659,Arlina,Lubin,Arlina.Lubin@yopmail.com,engenheiro civil
660,Roslyn,Anton,Roslyn.Anton@yopmail.com,professor
661,Marika,Lewes,Marika.Lewes@yopmail.com,professor
662,Hallie,Malanie,Hallie.Malanie@yopmail.com,médico
663,Giustina,Parette,Giustina.Parette@yopmail.com,médico
664,Gaylene,Rad,Gaylene.Rad@yopmail.com,filósofo
665,Karina,Calhoun,Karina.Calhoun@yopmail.com,policial
666,Consuela,Cleavland,Consuela.Cleavland@yopmail.com,professor
667,Hyacinthe,Primalia,Hyacinthe.Primalia@yopmail.com,policial
668,Marita,Brotherson,Marita.Brotherson@yopmail.com,engenheiro civil
669,Moyna,Millda,Moyna.Millda@yopmail.com,professor
670,Gratia,Niles,Gratia.Niles@yopmail.com,engenheiro civil
671,Willetta,Meter,Willetta.Meter@yopmail.com,programador
672,Andeee,Wilkinson,Andeee.Wilkinson@yopmail.com,filósofo
673,Hildegaard,Eiser,Hildegaard.Eiser@yopmail.com,programador
674,Molli,Helve,Molli.Helve@yopmail.com,bombeiro
675,Ilse,Afton,Ilse.Afton@yopmail.com,professor
676,Tressa,Casimir,Tressa.Casimir@yopmail.com,médico
677,Molli,Daniele,Molli.Daniele@yopmail.com,filósofo
678,Brooks,Dearborn,Brooks.Dearborn@yopmail.com,engenheiro civil
679,Felice,Ahab,Felice.Ahab@yopmail.com,médico
680,Lacie,Cassius,Lacie.Cassius@yopmail.com,filósofo
681,Lanna,Ethban,Lanna.Ethban@yopmail.com,bombeiro
682,Mathilda,Johanna,Mathilda.Johanna@yopmail.com,engenheiro civil
683,Mathilda,Norrie,Mathilda.Norrie@yopmail.com,médico
684,Oralee,Hourigan,Oralee.Hourigan@yopmail.com,professor
685,Letizia,Taima,Letizia.Taima@yopmail.com,bombeiro
686,Sean,Donell,Sean.Donell@yopmail.com,engenheiro civil
687,Phedra,Suk,Phedra.Suk@yopmail.com,engenheiro civil
688,Julieta,Robertson,Julieta.Robertson@yopmail.com,médico
689,Giustina,Ashok,Giustina.Ashok@yopmail.com,policial
690,Eugine,Evvie,Eugine.Evvie@yopmail.com,policial
691,Larine,Ferino,Larine.Ferino@yopmail.com,médico
692,Annice,Campball,Annice.Campball@yopmail.com,programador
693,Olwen,Docilla,Olwen.Docilla@yopmail.com,professor
694,Lesly,Raama,Lesly.Raama@yopmail.com,bombeiro
695,Nyssa,Manolo,Nyssa.Manolo@yopmail.com,bombeiro
696,Taffy,Barrus,Taffy.Barrus@yopmail.com,médico
697,Leontine,Christine,Leontine.Christine@yopmail.com,engenheiro civil
698,Paola,Stacy,Paola.Stacy@yopmail.com,professor
699,Alyssa,Tarrant,Alyssa.Tarrant@yopmail.com,bombeiro
700,Asia,Dreda,Asia.Dreda@yopmail.com,policial
701,Karly,Astra,Karly.Astra@yopmail.com,programador
702,Mureil,Percy,Mureil.Percy@yopmail.com,policial
703,Etta,Ferino,Etta.Ferino@yopmail.com,policial
704,Christal,Woodberry,Christal.Woodberry@yopmail.com,bombeiro
705,Ericka,Sholley,Ericka.Sholley@yopmail.com,médico
706,Jeanna,Janith,Jeanna.Janith@yopmail.com,programador
707,Rubie,Joni,Rubie.Joni@yopmail.com,bombeiro
708,Rosene,Mauer,Rosene.Mauer@yopmail.com,bombeiro
709,Sophia,Haerr,Sophia.Haerr@yopmail.com,professor
710,Roz,Wandie,Roz.Wandie@yopmail.com,engenheiro civil
711,Nicoli,Kiersten,Nicoli.Kiersten@yopmail.com,policial
712,Amii,Hewitt,Amii.Hewitt@yopmail.com,engenheiro civil
713,Ekaterina,Kauppi,Ekaterina.Kauppi@yopmail.com,bombeiro
714,Oona,Bethany,Oona.Bethany@yopmail.com,programador
715,Georgina,Eno,Georgina.Eno@yopmail.com,engenheiro civil
716,Gertrud,Bobbee,Gertrud.Bobbee@yopmail.com,bombeiro
717,Konstance,Felecia,Konstance.Felecia@yopmail.com,médico
718,Ruthe,Tannie,Ruthe.Tannie@yopmail.com,professor
719,Kirbee,Nicoline,Kirbee.Nicoline@yopmail.com,bombeiro
720,Daune,Whittaker,Daune.Whittaker@yopmail.com,engenheiro civil
721,Rosene,Behre,Rosene.Behre@yopmail.com,médico
722,Corina,Glovsky,Corina.Glovsky@yopmail.com,filósofo
723,Tarra,Stav,Tarra.Stav@yopmail.com,engenheiro civil
724,Sara-Ann,Sharl,Sara-Ann.Sharl@yopmail.com,engenheiro civil
725,Annice,Clara,Annice.Clara@yopmail.com,policial
726,Misha,Bow,Misha.Bow@yopmail.com,programador
727,Konstance,Jillane,Konstance.Jillane@yopmail.com,bombeiro
728,Merrie,Leary,Merrie.Leary@yopmail.com,filósofo
729,Ingrid,Roxanna,Ingrid.Roxanna@yopmail.com,médico
730,Teriann,Suanne,Teriann.Suanne@yopmail.com,médico
731,Vanessa,Uird,Vanessa.Uird@yopmail.com,engenheiro civil
732,Cathyleen,Nahum,Cathyleen.Nahum@yopmail.com,engenheiro civil
733,Gretal,Merat,Gretal.Merat@yopmail.com,policial
734,Alejandra,Anis,Alejandra.Anis@yopmail.com,programador
735,Jessamyn,Firmin,Jessamyn.Firmin@yopmail.com,programador
736,Yvonne,Neils,Yvonne.Neils@yopmail.com,filósofo
737,Jaclyn,Jorgan,Jaclyn.Jorgan@yopmail.com,médico
738,Rosene,Schwejda,Rosene.Schwejda@yopmail.com,professor
739,Lanae,Elo,Lanae.Elo@yopmail.com,bombeiro
740,Fernande,Bach,Fernande.Bach@yopmail.com,bombeiro
741,Oona,Modie,Oona.Modie@yopmail.com,policial
742,Ottilie,Alejoa,Ottilie.Alejoa@yopmail.com,bombeiro
743,Emilia,Delila,Emilia.Delila@yopmail.com,policial
744,Xylina,Armanda,Xylina.Armanda@yopmail.com,engenheiro civil
745,Katuscha,Lory,Katuscha.Lory@yopmail.com,professor
746,Pearline,Mintz,Pearline.Mintz@yopmail.com,professor
747,Sallie,Winthorpe,Sallie.Winthorpe@yopmail.com,professor
748,Claresta,Ciapas,Claresta.Ciapas@yopmail.com,bombeiro
749,Peri,Ioab,Peri.Ioab@yopmail.com,professor
750,Tomasina,Bergman,Tomasina.Bergman@yopmail.com,engenheiro civil
751,Viviene,Oneida,Viviene.Oneida@yopmail.com,policial
752,Cyndie,Carlson,Cyndie.Carlson@yopmail.com,programador
753,Charlena,Michella,Charlena.Michella@yopmail.com,filósofo
754,Brianna,Terrence,Brianna.Terrence@yopmail.com,engenheiro civil
755,Blondelle,Duwalt,Blondelle.Duwalt@yopmail.com,filósofo
756,Ginnie,Lucienne,Ginnie.Lucienne@yopmail.com,policial
757,Jackie,Odysseus,Jackie.Odysseus@yopmail.com,professor
758,Viviene,Pettiford,Viviene.Pettiford@yopmail.com,médico
759,Lucy,Kalinda,Lucy.Kalinda@yopmail.com,médico
760,Carilyn,Damarra,Carilyn.Damarra@yopmail.com,professor
761,Jsandye,Center,Jsandye.Center@yopmail.com,policial
762,Sherrie,Tillford,Sherrie.Tillford@yopmail.com,médico
763,Stacey,Helfand,Stacey.Helfand@yopmail.com,professor
764,Leontine,Claudine,Leontine.Claudine@yopmail.com,filósofo
765,Amalie,Dosia,Amalie.Dosia@yopmail.com,policial
766,Joy,Travax,Joy.Travax@yopmail.com,engenheiro civil
767,Vanessa,Maxi,Vanessa.Maxi@yopmail.com,filósofo
768,Stephanie,Denis,Stephanie.Denis@yopmail.com,professor
769,Josephine,Pillsbury,Josephine.Pillsbury@yopmail.com,policial
770,Rubie,Maribeth,Rubie.Maribeth@yopmail.com,filósofo
771,Raf,Marisa,Raf.Marisa@yopmail.com,professor
772,Karena,Bartlett,Karena.Bartlett@yopmail.com,professor
773,Lanae,Byrne,Lanae.Byrne@yopmail.com,médico
774,Pollyanna,Cottle,Pollyanna.Cottle@yopmail.com,programador
775,Mariann,Concha,Mariann.Concha@yopmail.com,programador
776,Farrah,Amand,Farrah.Amand@yopmail.com,engenheiro civil
777,Ebonee,Jillane,Ebonee.Jillane@yopmail.com,professor
778,Anica,Strephon,Anica.Strephon@yopmail.com,filósofo
779,Emelina,Granoff,Emelina.Granoff@yopmail.com,programador
780,Sybille,Rudolph,Sybille.Rudolph@yopmail.com,policial
781,Teriann,Vale,Teriann.Vale@yopmail.com,programador
782,Yetty,Isacco,Yetty.Isacco@yopmail.com,professor
783,Loree,Colyer,Loree.Colyer@yopmail.com,médico
784,Gui,Bebe,Gui.Bebe@yopmail.com,programador
785,Jessamyn,Teryn,Jessamyn.Teryn@yopmail.com,médico
786,Berget,Weinreb,Berget.Weinreb@yopmail.com,engenheiro civil
787,Pearline,Isacco,Pearline.Isacco@yopmail.com,bombeiro
788,Maurene,Genna,Maurene.Genna@yopmail.com,policial
789,Merry,Weitman,Merry.Weitman@yopmail.com,filósofo
790,Helsa,Gwenore,Helsa.Gwenore@yopmail.com,filósofo
791,Maye,Eno,Maye.Eno@yopmail.com,engenheiro civil
792,Patricia,Seumas,Patricia.Seumas@yopmail.com,programador
793,Janenna,Sprage,Janenna.Sprage@yopmail.com,filósofo
794,Millie,Wind,Millie.Wind@yopmail.com,bombeiro
795,Theodora,Magdalen,Theodora.Magdalen@yopmail.com,professor
796,Belva,Olnee,Belva.Olnee@yopmail.com,bombeiro
797,Verla,Barrus,Verla.Barrus@yopmail.com,médico
798,Kathi,Kolnick,Kathi.Kolnick@yopmail.com,engenheiro civil
799,Basia,Fairweather,Basia.Fairweather@yopmail.com,programador
800,Orelia,Dorine,Orelia.Dorine@yopmail.com,filósofo
801,Leanna,Doig,Leanna.Doig@yopmail.com,médico
802,Bertine,Urias,Bertine.Urias@yopmail.com,filósofo
803,Lynde,Dreda,Lynde.Dreda@yopmail.com,engenheiro civil
804,Bibby,Bronk,Bibby.Bronk@yopmail.com,filósofo
805,Atlanta,Rhu,Atlanta.Rhu@yopmail.com,policial
806,Kellen,Arvo,Kellen.Arvo@yopmail.com,engenheiro civil
807,Lusa,Arathorn,Lusa.Arathorn@yopmail.com,policial
808,Penelopa,Lucienne,Penelopa.Lucienne@yopmail.com,programador
809,Judy,Idelia,Judy.Idelia@yopmail.com,engenheiro civil
810,Coral,Solitta,Coral.Solitta@yopmail.com,bombeiro
811,Nickie,Radu,Nickie.Radu@yopmail.com,filósofo
812,Tybie,Mathilde,Tybie.Mathilde@yopmail.com,policial
813,Annice,Wyn,Annice.Wyn@yopmail.com,programador
814,Cyndie,Marden,Cyndie.Marden@yopmail.com,bombeiro
815,Mahalia,Jeanne,Mahalia.Jeanne@yopmail.com,bombeiro
816,Averyl,Caitlin,Averyl.Caitlin@yopmail.com,filósofo
817,Gale,Azeria,Gale.Azeria@yopmail.com,médico
818,Chrystel,Carlson,Chrystel.Carlson@yopmail.com,engenheiro civil
819,Eve,Velick,Eve.Velick@yopmail.com,engenheiro civil
820,Tomasina,Trey,Tomasina.Trey@yopmail.com,policial
821,Gilligan,Kress,Gilligan.Kress@yopmail.com,policial
822,Fanny,Amethist,Fanny.Amethist@yopmail.com,programador
823,Fanny,Skurnik,Fanny.Skurnik@yopmail.com,policial
824,Caryl,Arathorn,Caryl.Arathorn@yopmail.com,engenheiro civil
825,Jerry,Destinee,Jerry.Destinee@yopmail.com,bombeiro
826,Cecile,Dosia,Cecile.Dosia@yopmail.com,professor
827,Gabriellia,Izaak,Gabriellia.Izaak@yopmail.com,médico
828,Katuscha,Pattin,Katuscha.Pattin@yopmail.com,programador
829,Jenda,Gower,Jenda.Gower@yopmail.com,bombeiro
830,Mamie,Korey,Mamie.Korey@yopmail.com,programador
831,Melanie,Dearborn,Melanie.Dearborn@yopmail.com,professor
832,Anthia,Kiyoshi,Anthia.Kiyoshi@yopmail.com,policial
833,Sallie,Andrel,Sallie.Andrel@yopmail.com,bombeiro
834,Chrystel,Deny,Chrystel.Deny@yopmail.com,filósofo
835,Ulrike,Cecile,Ulrike.Cecile@yopmail.com,policial
836,Merrie,Ries,Merrie.Ries@yopmail.com,médico
837,Melisent,Lalitta,Melisent.Lalitta@yopmail.com,médico
838,Tamqrah,Lissi,Tamqrah.Lissi@yopmail.com,policial
839,Romona,Stephie,Romona.Stephie@yopmail.com,engenheiro civil
840,Susan,Gaspard,Susan.Gaspard@yopmail.com,engenheiro civil
841,Tilly,Demitria,Tilly.Demitria@yopmail.com,engenheiro civil
842,Reeba,Tyson,Reeba.Tyson@yopmail.com,engenheiro civil
843,Hyacinthe,Breed,Hyacinthe.Breed@yopmail.com,programador
844,Odessa,Skell,Odessa.Skell@yopmail.com,professor
845,Kerrin,Jess,Kerrin.Jess@yopmail.com,engenheiro civil
846,Belinda,Stephie,Belinda.Stephie@yopmail.com,policial
847,Nanete,Clara,Nanete.Clara@yopmail.com,programador
848,Joceline,Gaal,Joceline.Gaal@yopmail.com,policial
849,Eve,Halla,Eve.Halla@yopmail.com,policial
850,Tami,Shama,Tami.Shama@yopmail.com,engenheiro civil
851,Shaine,Sparhawk,Shaine.Sparhawk@yopmail.com,médico
852,Gwyneth,Hylan,Gwyneth.Hylan@yopmail.com,engenheiro civil
853,Madelle,Jarib,Madelle.Jarib@yopmail.com,policial
854,Minne,Whiffen,Minne.Whiffen@yopmail.com,médico
855,Ethel,Terrence,Ethel.Terrence@yopmail.com,engenheiro civil
856,Blinni,Diogenes,Blinni.Diogenes@yopmail.com,médico
857,Robinia,Chandler,Robinia.Chandler@yopmail.com,professor
858,Brana,Vorster,Brana.Vorster@yopmail.com,filósofo
859,Mellicent,Grayce,Mellicent.Grayce@yopmail.com,engenheiro civil
860,Chrystel,Toni,Chrystel.Toni@yopmail.com,filósofo
861,Maye,Chandler,Maye.Chandler@yopmail.com,engenheiro civil
862,Cristine,Hourigan,Cristine.Hourigan@yopmail.com,policial
863,Phedra,Kirbee,Phedra.Kirbee@yopmail.com,policial
864,Priscilla,Rocray,Priscilla.Rocray@yopmail.com,filósofo
865,Leanna,Dermott,Leanna.Dermott@yopmail.com,professor
866,Elise,Gwenore,Elise.Gwenore@yopmail.com,programador
867,Mariann,Giule,Mariann.Giule@yopmail.com,filósofo
868,Chrystel,Matthew,Chrystel.Matthew@yopmail.com,policial
869,Sheelagh,Kosey,Sheelagh.Kosey@yopmail.com,programador
870,Joane,Gamaliel,Joane.Gamaliel@yopmail.com,bombeiro
871,Gilligan,Alexandr,Gilligan.Alexandr@yopmail.com,programador
872,Regina,Helve,Regina.Helve@yopmail.com,filósofo
873,Viviene,Seumas,Viviene.Seumas@yopmail.com,médico
874,Jessy,Noam,Jessy.Noam@yopmail.com,filósofo
875,Tori,Kesley,Tori.Kesley@yopmail.com,filósofo
876,Cassandra,Pattin,Cassandra.Pattin@yopmail.com,filósofo
877,Fawne,Aprile,Fawne.Aprile@yopmail.com,médico
878,Juliane,Gahl,Juliane.Gahl@yopmail.com,bombeiro
879,Laure,Gualtiero,Laure.Gualtiero@yopmail.com,professor
880,Selia,Winnick,Selia.Winnick@yopmail.com,filósofo
881,Morganica,Frodi,Morganica.Frodi@yopmail.com,engenheiro civil
882,Nyssa,Clara,Nyssa.Clara@yopmail.com,engenheiro civil
883,Melina,Dimitris,Melina.Dimitris@yopmail.com,engenheiro civil
884,Daune,Weinreb,Daune.Weinreb@yopmail.com,bombeiro
885,Leontine,Rooney,Leontine.Rooney@yopmail.com,médico
886,Kerrin,Henebry,Kerrin.Henebry@yopmail.com,programador
887,Lexine,Ietta,Lexine.Ietta@yopmail.com,filósofo
888,Petronia,Ingra,Petronia.Ingra@yopmail.com,professor
889,Kathy,Graig,Kathy.Graig@yopmail.com,policial
890,Loree,Cath,Loree.Cath@yopmail.com,filósofo
891,Mary,Old,Mary.Old@yopmail.com,médico
892,Lelah,Goddard,Lelah.Goddard@yopmail.com,filósofo
893,Collen,Eldrid,Collen.Eldrid@yopmail.com,bombeiro
894,Gerianna,Cherianne,Gerianna.Cherianne@yopmail.com,engenheiro civil
895,Carolina,Riordan,Carolina.Riordan@yopmail.com,engenheiro civil
896,Judy,Kosey,Judy.Kosey@yopmail.com,médico
897,Catharine,Maurine,Catharine.Maurine@yopmail.com,engenheiro civil
898,Riannon,Isacco,Riannon.Isacco@yopmail.com,médico
899,Codie,Ball,Codie.Ball@yopmail.com,policial
900,Felice,Alfons,Felice.Alfons@yopmail.com,engenheiro civil
901,Winny,Cookie,Winny.Cookie@yopmail.com,professor
902,Carmencita,Lia,Carmencita.Lia@yopmail.com,programador
903,Caressa,Elvyn,Caressa.Elvyn@yopmail.com,médico
904,Doro,Leonard,Doro.Leonard@yopmail.com,filósofo
905,Leontine,Moseley,Leontine.Moseley@yopmail.com,programador
906,Lacie,Remmer,Lacie.Remmer@yopmail.com,bombeiro
907,Flory,Ricki,Flory.Ricki@yopmail.com,filósofo
908,Heida,Yate,Heida.Yate@yopmail.com,médico
909,Caritta,Calhoun,Caritta.Calhoun@yopmail.com,professor
910,Meg,Bord,Meg.Bord@yopmail.com,bombeiro
911,Chandra,Lumbard,Chandra.Lumbard@yopmail.com,bombeiro
912,Kelly,Azeria,Kelly.Azeria@yopmail.com,programador
913,Rosanne,Adalbert,Rosanne.Adalbert@yopmail.com,bombeiro
914,Ellette,Thad,Ellette.Thad@yopmail.com,engenheiro civil
915,Celestyna,Oster,Celestyna.Oster@yopmail.com,professor
916,Ileana,Barrus,Ileana.Barrus@yopmail.com,engenheiro civil
917,Anica,Zachary,Anica.Zachary@yopmail.com,programador
918,Elka,Gaulin,Elka.Gaulin@yopmail.com,filósofo
919,Mathilda,Karna,Mathilda.Karna@yopmail.com,bombeiro
920,Ardeen,Jaylene,Ardeen.Jaylene@yopmail.com,programador
921,Gerrie,Grayce,Gerrie.Grayce@yopmail.com,policial
922,Ann-Marie,Loeb,Ann-Marie.Loeb@yopmail.com,bombeiro
923,Amii,Lay,Amii.Lay@yopmail.com,engenheiro civil
924,Thalia,Alisia,Thalia.Alisia@yopmail.com,engenheiro civil
925,Moyna,Agle,Moyna.Agle@yopmail.com,médico
926,Elvira,Wittie,Elvira.Wittie@yopmail.com,bombeiro
927,Zondra,Waite,Zondra.Waite@yopmail.com,programador
928,Lila,Georas,Lila.Georas@yopmail.com,professor
929,Gerrie,Zenas,Gerrie.Zenas@yopmail.com,policial
930,Rosene,Hunfredo,Rosene.Hunfredo@yopmail.com,médico
931,Alisha,Lia,Alisha.Lia@yopmail.com,bombeiro
932,Kathy,Pelagias,Kathy.Pelagias@yopmail.com,médico
933,Almeta,Adore,Almeta.Adore@yopmail.com,filósofo
934,Ada,Lasley,Ada.Lasley@yopmail.com,professor
935,Christy,Peti,Christy.Peti@yopmail.com,professor
936,Margalo,Diogenes,Margalo.Diogenes@yopmail.com,programador
937,Fina,Idelia,Fina.Idelia@yopmail.com,médico
938,Ardenia,Colp,Ardenia.Colp@yopmail.com,filósofo
939,Jennica,Pandolfi,Jennica.Pandolfi@yopmail.com,professor
940,Mignon,Gert,Mignon.Gert@yopmail.com,professor
941,Debee,Plato,Debee.Plato@yopmail.com,filósofo
942,Augustine,Mozelle,Augustine.Mozelle@yopmail.com,programador
943,Micheline,Reidar,Micheline.Reidar@yopmail.com,policial
944,Angelique,Winnick,Angelique.Winnick@yopmail.com,engenheiro civil
945,Dianemarie,Winnick,Dianemarie.Winnick@yopmail.com,engenheiro civil
946,Sam,Nisbet,Sam.Nisbet@yopmail.com,filósofo
947,Daryl,Demitria,Daryl.Demitria@yopmail.com,médico
948,Shaylyn,Merna,Shaylyn.Merna@yopmail.com,professor
949,Hollie,Longfellow,Hollie.Longfellow@yopmail.com,engenheiro civil
950,Chloris,Manolo,Chloris.Manolo@yopmail.com,engenheiro civil
951,Jolyn,Brieta,Jolyn.Brieta@yopmail.com,programador
952,Dorothy,Noam,Dorothy.Noam@yopmail.com,bombeiro
953,Bill,Fredi,Bill.Fredi@yopmail.com,filósofo
954,Cissiee,Morrill,Cissiee.Morrill@yopmail.com,professor
955,Dulcinea,Neva,Dulcinea.Neva@yopmail.com,engenheiro civil
956,Ezmeralda,Hourigan,Ezmeralda.Hourigan@yopmail.com,filósofo
957,Danika,Nore,Danika.Nore@yopmail.com,médico
958,Courtnay,Mata,Courtnay.Mata@yopmail.com,médico
959,Lanae,Janene,Lanae.Janene@yopmail.com,médico
960,Charissa,Rogerio,Charissa.Rogerio@yopmail.com,policial
961,Jessy,Lorenz,Jessy.Lorenz@yopmail.com,médico
962,Patricia,Allina,Patricia.Allina@yopmail.com,engenheiro civil
963,Bibby,Haymes,Bibby.Haymes@yopmail.com,programador
964,Xylina,Kosey,Xylina.Kosey@yopmail.com,policial
965,Rayna,Huggins,Rayna.Huggins@yopmail.com,bombeiro
966,Robbi,McGrody,Robbi.McGrody@yopmail.com,médico
967,Jessamyn,Hedve,Jessamyn.Hedve@yopmail.com,médico
968,Stephanie,Meli,Stephanie.Meli@yopmail.com,policial
969,Chandra,Leary,Chandra.Leary@yopmail.com,médico
970,Maryellen,Malina,Maryellen.Malina@yopmail.com,engenheiro civil
971,Zondra,Hieronymus,Zondra.Hieronymus@yopmail.com,programador
972,Maud,Paine,Maud.Paine@yopmail.com,programador
973,Kalina,Crudden,Kalina.Crudden@yopmail.com,policial
974,Mignon,O'Carroll,Mignon.O'Carroll@yopmail.com,professor
975,Rhoda,Kat,Rhoda.Kat@yopmail.com,engenheiro civil
976,Harmonia,Tacye,Harmonia.Tacye@yopmail.com,médico
977,Elka,Janene,Elka.Janene@yopmail.com,programador
978,Sibella,Willie,Sibella.Willie@yopmail.com,engenheiro civil
979,Bobbi,Brandice,Bobbi.Brandice@yopmail.com,policial
980,Alejandra,Ovid,Alejandra.Ovid@yopmail.com,policial
981,Audrie,Leifeste,Audrie.Leifeste@yopmail.com,policial
982,Sharai,Oster,Sharai.Oster@yopmail.com,filósofo
983,Sindee,Valerio,Sindee.Valerio@yopmail.com,professor
984,Fred,Katrine,Fred.Katrine@yopmail.com,policial
985,Rozele,Barbey,Rozele.Barbey@yopmail.com,programador
986,Henriette,Knowling,Henriette.Knowling@yopmail.com,filósofo
987,Fredericka,Curren,Fredericka.Curren@yopmail.com,policial
988,Shaine,Ries,Shaine.Ries@yopmail.com,engenheiro civil
989,Abbie,Chesna,Abbie.Chesna@yopmail.com,bombeiro
990,Elena,Bevin,Elena.Bevin@yopmail.com,médico
991,Karena,Tacye,Karena.Tacye@yopmail.com,filósofo
992,Gratia,Michella,Gratia.Michella@yopmail.com,engenheiro civil
993,Odessa,Fancie,Odessa.Fancie@yopmail.com,bombeiro
994,Dione,Stephie,Dione.Stephie@yopmail.com,engenheiro civil
995,Lyssa,Haymes,Lyssa.Haymes@yopmail.com,engenheiro civil
996,Tybie,Sholley,Tybie.Sholley@yopmail.com,bombeiro
997,Nicoli,Rona,Nicoli.Rona@yopmail.com,médico
998,Kimmy,Joseph,Kimmy.Joseph@yopmail.com,professor
999,Gavrielle,Grosz,Gavrielle.Grosz@yopmail.com,bombeiro
1000,Fredericka,Sacken,Fredericka.Sacken@yopmail.com,engenheiro civil
1001,Andeee,Gilbertson,Andeee.Gilbertson@yopmail.com,médico
1002,Malina,Tillford,Malina.Tillford@yopmail.com,bombeiro
1003,Tami,Seligman,Tami.Seligman@yopmail.com,professor
1004,Sonni,Jary,Sonni.Jary@yopmail.com,professor
1005,Brena,Chobot,Brena.Chobot@yopmail.com,bombeiro
1006,Georgetta,Weinreb,Georgetta.Weinreb@yopmail.com,professor
1007,Celisse,Sherfield,Celisse.Sherfield@yopmail.com,bombeiro
1008,Yetty,Trinetta,Yetty.Trinetta@yopmail.com,bombeiro
1009,Karolina,Whittaker,Karolina.Whittaker@yopmail.com,policial
1010,Hannis,O'Neill,Hannis.O'Neill@yopmail.com,médico
1011,Dorene,Toor,Dorene.Toor@yopmail.com,programador
1012,Melanie,Randene,Melanie.Randene@yopmail.com,programador
1013,Ketti,Larochelle,Ketti.Larochelle@yopmail.com,filósofo
1014,Danny,Lytton,Danny.Lytton@yopmail.com,médico
1015,Charissa,Smitt,Charissa.Smitt@yopmail.com,professor
1016,Aili,Kellby,Aili.Kellby@yopmail.com,bombeiro
1017,Anestassia,Judye,Anestassia.Judye@yopmail.com,filósofo
1018,Charissa,Michella,Charissa.Michella@yopmail.com,bombeiro
1019,Lizzie,Grosz,Lizzie.Grosz@yopmail.com,médico
1020,Kerrin,Paine,Kerrin.Paine@yopmail.com,programador
1021,Janis,Lane,Janis.Lane@yopmail.com,programador
1022,Ardenia,Haldas,Ardenia.Haldas@yopmail.com,engenheiro civil
1023,Daryl,Rhu,Daryl.Rhu@yopmail.com,bombeiro
1024,Sibella,Bennie,Sibella.Bennie@yopmail.com,professor
1025,Dorene,Medrek,Dorene.Medrek@yopmail.com,programador
1026,Edith,Felizio,Edith.Felizio@yopmail.com,professor
1027,Stephanie,Wenoa,Stephanie.Wenoa@yopmail.com,programador
1028,Fawne,Phyllis,Fawne.Phyllis@yopmail.com,professor
1029,Perry,Myrilla,Perry.Myrilla@yopmail.com,policial